|-||1|||0|||||Washington|;-
||
|-||1|||0|||||Washington|;-    
||
|Jakub Štěpán-|Jakub Štěpán|1|||0|||||Washington|29592090||
|-||1|||0|||||Washington|;-
||
|-||1|||0|||||Washington|;-    
||
|Radek Bednařík-|Radek Bednařík|1|||0|||||Washington|30702608||
|-||1|||0|||||Washington|;-
||
|-||1|||0|||||Washington|;-    
||
|Jean-Baptiste Dufournet-|Jean-Baptiste Dufournet|1|||0|||||Washington|29530151||
|-||1|||0|||||Washington|;-
||
|-||1|||0|||||Washington|;-    
||
|Dobroslav Vattai-|Dobroslav Vattai|1|||0|||||Washington|27699977||
|-||1|||0|||||Washington|;-
||
|-||1|||0|||||Washington|;-    
||
|Valentino Golob-|Valentino Golob|1|||0|||||Washington|28792368||
|-||1|||0|||||Washington|;-
||
|-||1|||0|||||Washington|;-    
||
|Jordán Kukurugy-|Jordán Kukurugy|1|||0|||||Washington|27874828||
|-||1|||0|||||Washington|;-
||
|-||1|||0|||||Washington|;-    
||
|Albín Gmiterko-|Albín Gmiterko|1|||0|||||Washington|32072945||
|-||1|||0|||||Washington|;-
||
|-||1|||0|||||Washington|;-    
||
|Ladislav Borkovics-|Ladislav Borkovics|1|||0|||||Washington|32283540||
|-||1|||0|||||Washington|;-
||
|-||1|||0|||||Washington|;-    
||
|Bertín Salár-|Bertín Salár|1|||0|||||Washington|30212904||
|-||1|||0|||||Washington|;-
||
|-||1|||0|||||Washington|;-    
||
|Jarkko Sahli-|Jarkko Sahli|1|||0|||||Washington|28987573||
|-||1|||0|||||Washington|;-
||
|-||1|||0|||||Washington|;-    
||
|Zianon  Kaviarnia-|Zianon  Kaviarnia|1|||0|||||Washington|29566796||
|-||1|||0|||||Washington|;-
||
|-||1|||0|||||Washington|;-    
||
|Eliel Reijola-|Eliel Reijola|1|||0|||||Washington|27574012||
|-||1|||0|||||Washington|;-
||
|-||1|||0|||||Washington|;-    
||
|Demian Malák-|Demian Malák|1|||0|||||Washington|28348916||
|-||1|||0|||||Washington|;-
||
|-||1|||0|||||Washington|;-    
||
|Ādolfs Rozentāls-|Ādolfs Rozentāls|1|||0|||||Washington|29019097||
|-||1|||0|||||Washington|;-
||
|-||1|||0|||||Washington|;-    
||
|Grigoriy Trepashkin-|Grigoriy Trepashkin|1|||0|||||Washington|30666210||
|-||1|||0|||||Washington|;-
||
|-||1|||0|||||Washington|;-    
||
|Vladimír Smrček-|Vladimír Smrček|1|||0|||||Washington|27499354||
|-||1|||0|||||Washington|;-
||
|-||1|||0|||||Washington|;-    
||
|Fedot Avdonov-|Fedot Avdonov|1|||0|||||Washington|25289686||
|-||1|||0|||||Washington|;-
||
|-||1|||0|||||Washington|;-    
||
|Virgantas Balanevičius-|Virgantas Balanevičius|1|||0|||||Washington|27682051||
|-||1|||0|||||Washington|;-
||
|-||1|||0|||||Washington|;-    
||
|Nicu Ţuică-|Nicu Ţuică|1|||0|||||Washington|26972437||
|-||1|||0|||||Washington|;-
||
|-||1|||0|||||Washington|;-    
||
|Birk Helleren-|Birk Helleren|1|||0|||||Washington|25559297||
|-||1|||0|||||Washington|;-
||
|-||1|||0|||||Washington|;-    
||
|Shane Hessenthaler-|Shane Hessenthaler|1|||0|||||Washington|27590011||
|-||1|||0|||||Washington|;-
||
|-||1|||0|||||Washington|;-    
||
|Tomáš Rada-|Tomáš Rada|1|||0|||||Washington|28313421||
|-||1|||0|||||Washington|;-
||
|-||1|||0|||||Washington|;-    
||
|Marek Kurka-|Marek Kurka|1|||0|||||Washington|23763478||
|-||1|||0|||||Washington|;-
||
|-||1|||0|||||Washington|;-    
||
|Yrjö Schwartz-|Yrjö Schwartz|1|||0|||||Washington|27849469||
|-||1|||0|||||Washington|;-
||
|-||1|||0|||||Washington|;-    
||
|Mārtiņš Heinsons-|Mārtiņš Heinsons|1|||0|||||Washington|26682009||
|-||1|||0|||||Washington|;-
||
|-||1|||0|||||Washington|;-    
||
|Edijs Levitāns-|Edijs Levitāns|1|||0|||||Washington|25749230||
|-||1|||0|||||Washington|;-
||
|-||1|||0|||||Washington|;-    
||
|Gareth Tiler-|Gareth Tiler|1|||0|||||Washington|26327547||
|-||1|||0|||||Washington|;-
||
|-||1|||0|||||Washington|;-    
||
|Petr Horníček-|Petr Horníček|1|||0|||||Washington|25278687||
|-||1|||0|||||Washington|;-
||
|-||1|||0|||||Washington|;-    
||
|Fedor Šimkáč-|Fedor Šimkáč|1|||0|||||Washington|24971382||
|-||1|||0|||||Washington|;-
||
|-||1|||0|||||Washington|;-    
||
|Ingo Jennebach-|Ingo Jennebach|1|||0|||||Washington|22719850||
|-||1|||0|||||Washington|;-
||
|-||1|||0|||||Washington|;-    
||
|Leopold Smutný-|Leopold Smutný|1|||0|||||Washington|31166553||
|-||1|||0|||||Washington|;-
||
|-||1|||0|||||Washington|;-    
||
|Jacenty Szewczyk-|Jacenty Szewczyk|1|||0|||||Washington|32717941||
|-||1|||0|||||Washington|;-
||
|-||1|||0|||||Washington|;-    
||
|Edvin Večera-|Edvin Večera|1|||0|||||Washington|32170216||
|-||1|||0|||||Washington|;-
||
|-||1|||0|||||Washington|;-    
||
|Kaarlo Rokkanen-|Kaarlo Rokkanen|1|||0|||||Washington|29010654||
|-||1|||0|||||Washington|;-
||
|-||1|||0|||||Washington|;-    
||
|Nino Orman-|Nino Orman|1|||0|||||Washington|29831875||
|-||1|||0|||||Washington|;-
||
|-||1|||0|||||Washington|;-    
||
|Ľuboš Kilian-|Ľuboš Kilian|1|||0|||||Washington|30221525||
|-||1|||0|||||Washington|;-
||
|-||1|||0|||||Washington|;-    
||
|Žigmund Hrachovický-|Žigmund Hrachovický|1|||0|||||Washington|30089675||
|-||1|||0|||||Washington|;-
||
|-||1|||0|||||Washington|;-    
||
|Daniel Chalupa-|Daniel Chalupa|1|||0|||||Washington|29164678||
|-||1|||0|||||Washington|;-
||
|-||1|||0|||||Washington|;-    
||
|Aki Puttaa-|Aki Puttaa|1|||0|||||Washington|31189355||
|-||1|||0|||||Washington|;-
||
|-||1|||0|||||Washington|;-    
||
|Jakub Horáček-|Jakub Horáček|1|||0|||||Washington|29677066||
|-||1|||0|||||Washington|;-
||
|-||1|||0|||||Washington|;-    
||
|Aaro Rask-|Aaro Rask|1|||0|||||Washington|29682912||
|-||1|||0|||||Washington|;-
||
|-||1|||0|||||Washington|;-    
||
|Malthe Tøndring-|Malthe Tøndring|1|||0|||||Washington|32069408||
|-||1|||0|||||Washington|;-
||
|-||1|||0|||||Washington|;-    
||
|Jakub Slavíček-|Jakub Slavíček|1|||0|||||Washington|32311365||
|-||1|||0|||||Washington|;-
||
|-||1|||0|||||Washington|;-    
||
|Aapeli Lintunen-|Aapeli Lintunen|1|||0|||||Washington|32111564||
|-||1|||0|||||Washington|;-
||
|-||1|||0|||||Washington|;-    
||
|Jari Pakkanen-|Jari Pakkanen|1|||0|||||Washington|29729170||
|-||1|||0|||||Washington|;-
||
|-||1|||0|||||Washington|;-    
||
|Ondřej Jiřík-|Ondřej Jiřík|1|||0|||||Washington|27060150||
|-||1|||0|||||Washington|;-
||
|-||1|||0|||||Washington|;-    
||
|Roberts Valdmanis-|Roberts Valdmanis|1|||0|||||Washington|28989561||
|-||1|||0|||||Washington|;-
||
|-||1|||0|||||Washington|;-    
||
|Pavol Beňovský-|Pavol Beňovský|1|||0|||||Washington|30612140||
|-||1|||0|||||Washington|;-
||
|-||1|||0|||||Washington|;-    
||
|Rami Piik-|Rami Piik|1|||0|||||Washington|29517503||
|-||1|||0|||||Washington|;-
||
|-||1|||0|||||Washington|;-    
||
|Eman Brázda-|Eman Brázda|1|||0|||||Washington|33066798||
|-||1|||0|||||Washington|;-
||
|-||1|||0|||||Washington|;-    
||
|Zdenko Zeleňák-|Zdenko Zeleňák|1|||0|||||Washington|28290060||
|-||1|||0|||||Washington|;-
||
|-||1|||0|||||Washington|;-    
||
|Albertín Cimbala-|Albertín Cimbala|1|||0|||||Washington|25743846||
|-||1|||0|||||Washington|;-
||
|-||1|||0|||||Washington|;-    
||
|Marijan Urtelj-|Marijan Urtelj|1|||0|||||Washington|27535481||
|-||1|||0|||||Washington|;-
||
|-||1|||0|||||Washington|;-    
||
|Radoslav Godor-|Radoslav Godor|1|||0|||||Washington|21762292||
|-||1|||0|||||Washington|;-
||
|-||1|||0|||||Washington|;-    
||
|Ulrich Rybár-|Ulrich Rybár|1|||0|||||Washington|32529049||
|-||1|||0|||||Washington|;-
||
|-||1|||0|||||Washington|;-    
||
|Štefan Horváth-|Štefan Horváth|1|||0|||||Washington|30051969||
|-||1|||0|||||Washington|;-
||
|-||1|||0|||||Washington|;-    
||
|Adolf Beluško-|Adolf Beluško|1|||0|||||Washington|27526653||
|-||1|||0|||||Washington|;-
||
|-||1|||0|||||Washington|;-    
||
|Demian Pančík-|Demian Pančík|1|||0|||||Washington|29726867||
|-||1|||0|||||Washington|;-
||
|-||1|||0|||||Washington|;-    
||
|Samuel Orbach-|Samuel Orbach|1|||0|||||Washington|30608305||
|-||1|||0|||||Washington|;-
||
|-||1|||0|||||Washington|;-    
||
|Viliam Drgoň-|Viliam Drgoň|1|||0|||||Washington|25858178||
|-||1|||0|||||Washington|;-
||
|-||1|||0|||||Washington|;-    
||
|Jean Beaudouin-|Jean Beaudouin|1|||0|||||Washington|29031725||
|-||1|||0|||||Washington|;-
||
|-||1|||0|||||Washington|;-    
||
|Burkhard Wittingkämper-|Burkhard Wittingkämper|1|||0|||||Washington|21761552||
|-||1|||0|||||Washington|;-
||
|-||1|||0|||||Washington|;-    
||
|Svetoslav Sirotiak-|Svetoslav Sirotiak|1|||0|||||Washington|31633000||
|-||1|||0|||||Washington|;-
||
|-||1|||0|||||Washington|;-    
||
|Konštantín Hečko-|Konštantín Hečko|1|||0|||||Washington|25577407||
|-||1|||0|||||Washington|;-
||
|-||1|||0|||||Washington|;-    
||
|Sidón Hanigovský-|Sidón Hanigovský|1|||0|||||Washington|28314141||
|-||1|||0|||||Washington|;-
||
|-||1|||0|||||Washington|;-    
||
|Jan Tříska-|Jan Tříska|1|||0|||||Washington|21183273||
|-||1|||0|||||Washington|;-
||
|-||1|||0|||||Washington|;-    
||
|Toms Osiňđ-|Toms Osiňđ|1|||0|||||Washington|20406956||
|-||1|||0|||||Washington|;-
||
|-||1|||0|||||Washington|;-    
||
|Roman Klevtsov-|Roman Klevtsov|1|||0|||||Washington|23811634||
|-||1|||0|||||Washington|;-
||
|-||1|||0|||||Washington|;-    
||
|Alex Tomík-|Alex Tomík|1|||0|||||Washington|22718038||
|-||1|||0|||||Washington|;-
||
|-||1|||0|||||Washington|;-    
||
|Dennis Burman-|Dennis Burman|1|||0|||||Washington|24792230||
|-||1|||0|||||Washington|;-
||
|-||1|||0|||||Washington|;-    
||
|Víťazoslav Dobranský-|Víťazoslav Dobranský|1|||0|||||Washington|20098587||
|-||1|||0|||||Washington|;-
||
|-||1|||0|||||Washington|;-    
||
|Dan Janečko-|Dan Janečko|1|||0|||||Washington|20637056||
|-||1|||0|||||Washington|;-
||
|-||1|||0|||||Washington|;-    
||
|Tomáš Beliansky-|Tomáš Beliansky|1|||0|||||Washington|20144553||
|-||1|||0|||||Washington|;-
||
|-||1|||0|||||Washington|;-    
||
|Vasil Schablik-|Vasil Schablik|1|||0|||||Washington|17238648||
|-||1|||0|||||Washington|;-
||
|-||1|||0|||||Washington|;-    
||
|David Skaggs-|David Skaggs|1|||0|||||Washington|23011097||
|-||1|||0|||||Washington|;-
||
|-||1|||0|||||Washington|;-    
||
|Marģers Paeglis-|Marģers Paeglis|1|||0|||||Washington|22654143||
|-||1|||0|||||Washington|;-
||
|-||1|||0|||||Washington|;-    
||
|Antip Yudin-|Antip Yudin|1|||0|||||Washington|25680820||
|-||1|||0|||||Washington|;-
||
|-||1|||0|||||Washington|;-    
||
|Pankrác Remenár-|Pankrác Remenár|1|||0|||||Washington|21825960||
|-||1|||0|||||Washington|;-
||
|-||1|||0|||||Washington|;-    
||
|Róbert Halabrín-|Róbert Halabrín|1|||0|||||Washington|21758693||
|-||1|||0|||||Washington|;-
||
|-||1|||0|||||Washington|;-    
||
|Matīss Žagars-|Matīss Žagars|1|||0|||||Washington|22708081||
|-||1|||0|||||Washington|;-
||
|-||1|||0|||||Washington|;-    
||
|Richard Hloch-|Richard Hloch|1|||0|||||Washington|31360158||
|-||1|||0|||||Washington|;-
||
|-||1|||0|||||Washington|;-    
||
|Zalán Pápay-|Zalán Pápay|1|||0|||||Washington|21977362||
|-||1|||0|||||Washington|;-
||
|-||1|||0|||||Washington|;-    
||
|Dominik Drobek-|Dominik Drobek|1|||0|||||Washington|24520545||
|-||1|||0|||||Washington|;-
||
|-||1|||0|||||Washington|;-    
||
|Marcello Städler-|Marcello Städler|1|||0|||||Washington|23015970||
|-||1|||0|||||Washington|;-
||
|-||1|||0|||||Washington|;-    
||
|Bystrík Bačinský-|Bystrík Bačinský|1|||0|||||Washington|28292856||
|-||1|||0|||||Washington|;-
||
|-||1|||0|||||Washington|;-    
||
|Vadim Goncharov-|Vadim Goncharov|1|||0|||||Washington|26605362||
|-||1|||0|||||Washington|;-
||
|-||1|||0|||||Washington|;-    
||
|Radislav Kleis-|Radislav Kleis|1|||0|||||Washington|26077572||
|-||1|||0|||||Washington|;-
||
|-||1|||0|||||Washington|;-    
||
|Michal Mišinský-|Michal Mišinský|1|||0|||||Washington|30605616||
|-||1|||0|||||Washington|;-
||
|-||1|||0|||||Washington|;-    
||
|Christian Culbreth-|Christian Culbreth|1|||0|||||Washington|20222641||
|-||1|||0|||||Washington|;-
||
|-||1|||0|||||Washington|;-    
||
|Tapani Engblom-|Tapani Engblom|1|||0|||||Washington|25686728||
|-||1|||0|||||Washington|;-
||
|-||1|||0|||||Washington|;-    
||
|Radomír Kokoška-|Radomír Kokoška|1|||0|||||Washington|31160955||
|-||1|||0|||||Washington|;-
||
|-||1|||0|||||Washington|;-    
||
|Lukáš Uhlíř-|Lukáš Uhlíř|1|||0|||||Washington|29521781||
|-||1|||0|||||Washington|;-
||
|-||1|||0|||||Washington|;-    
||
|Vladimír Andrle-|Vladimír Andrle|1|||0|||||Washington|31789123||
|-||1|||0|||||Washington|;-
||
|-||1|||0|||||Washington|;-    
||
|Andrej Hnízdil-|Andrej Hnízdil|1|||0|||||Washington|32878041||
|-||1|||0|||||Washington|;-
||
|-||1|||0|||||Washington|;-    
||
|Edvin Škvarek-|Edvin Škvarek|1|||0|||||Washington|32870086||
|-||1|||0|||||Washington|;-
||
|-||1|||0|||||Washington|;-    
||
|Joonas Lohiniva-|Joonas Lohiniva|1|||0|||||Washington|27803586||
|-||1|||0|||||Washington|;-
||
|-||1|||0|||||Washington|;-    
||
|Sofroniusz Skotnicki-|Sofroniusz Skotnicki|1|||0|||||Washington|27558019||
|-||1|||0|||||Washington|;-
||
|-||1|||0|||||Washington|;-    
||
|Stanislav Sičák-|Stanislav Sičák|1|||0|||||Washington|27548416||
|-||1|||0|||||Washington|;-
||
|-||1|||0|||||Washington|;-    
||
|Vladimir Urtelj-|Vladimir Urtelj|1|||0|||||Washington|27840584||
|-||1|||0|||||Washington|;-
||
|-||1|||0|||||Washington|;-    
||
|Emeljan Kharlamov-|Emeljan Kharlamov|1|||0|||||Washington|27762394||
|-||1|||0|||||Washington|;-
||
|-||1|||0|||||Washington|;-    
||
|Hank Box-|Hank Box|1|||0|||||Washington|27666573||
|-||1|||0|||||Washington|;-
||
|-||1|||0|||||Washington|;-    
||
|Ari Vesanto-|Ari Vesanto|1|||0|||||Washington|27533639||
|-||1|||0|||||Washington|;-
||
|-||1|||0|||||Washington|;-    
||
|Jere Junell-|Jere Junell|1|||0|||||Washington|26152059||
|-||1|||0|||||Washington|;-
||
|-||1|||0|||||Washington|;-    
||
|Ondřej Tůma-|Ondřej Tůma|1|||0|||||Washington|27768688||
|-||1|||0|||||Washington|;-
||
|-||1|||0|||||Washington|;-    
||
|Olívius Bobko-|Olívius Bobko|1|||0|||||Washington|27377137||
|-||1|||0|||||Washington|;-
||
|-||1|||0|||||Washington|;-    
||
|Laurent Labbe-|Laurent Labbe|1|||0|||||Washington|27232694||
|-||1|||0|||||Washington|;-
||
|-||1|||0|||||Washington|;-    
||
|Erik Richard-|Erik Richard|1|||0|||||Washington|30155993||
|-||1|||0|||||Washington|;-
||
|-||1|||0|||||Washington|;-    
||
|Miloslav Kyselica-|Miloslav Kyselica|1|||0|||||Washington|28295681||
|-||1|||0|||||Washington|;-
||
|-||1|||0|||||Washington|;-    
||
|Harvey Leach-|Harvey Leach|1|||0|||||Washington|27989823||
|-||1|||0|||||Washington|;-
||
|-||1|||0|||||Washington|;-    
||
|Iain Hanson-|Iain Hanson|1|||0|||||Washington|25319148||
|-||1|||0|||||Washington|;-
||
|-||1|||0|||||Washington|;-    
||
|Jiří Hrdina-|Jiří Hrdina|1|||0|||||Washington|23524574||
|-||1|||0|||||Washington|;-
||
|-||1|||0|||||Washington|;-    
||
|Mario Lemieux-|Mario Lemieux|1|||0|||||Washington|25541049||
|-||1|||0|||||Washington|;-
||
|-||1|||0|||||Washington|;-    
||
|Igor Liba-|Igor Liba|1|||0|||||Washington|28589994||
|-||1|||0|||||Washington|;-
||
|-||1|||0|||||Washington|;-    
||
|Pascal Dupuis-|Pascal Dupuis|1|||0|||||Washington|26376702||
|-||1|||0|||||Washington|;-
||
|-||1|||0|||||Washington|;-    
||
|Sidney Crosby-|Sidney Crosby|1|||0|||||Washington|28057501||
|-||1|||0|||||Washington|;-
||
|-||1|||0|||||Washington|;-    
||
|James Neal-|James Neal|1|||0|||||Washington|29733633||
|-||1|||0|||||Washington|;-
||
|-||1|||0|||||Washington|;-    
||
|Peter Bondra-|Peter Bondra|1|||0|||||Washington|32543914||
|-||1|||0|||||Washington|;-
||
|-||1|||0|||||Washington|;-    
||
|Igor Larionov-|Igor Larionov|1|||0|||||Washington|24334860||
|-||1|||0|||||Washington|;-
||
|-||1|||0|||||Washington|;-    
||
|Saku Koivu-|Saku Koivu|1|||0|||||Washington|32531284||
|-||1|||0|||||Washington|;-
||
|-||1|||0|||||Washington|;-    
||
|Milan Michálek-|Milan Michálek|1|||0|||||Washington|31186025||
|-||1|||0|||||Washington|;-
||
|-||1|||0|||||Washington|;-    
||
|Claude Giroux-|Claude Giroux|1|||0|||||Washington|32529484||
|-||1|||0|||||Washington|;-
||
|-||1|||0|||||Washington|;-    
||
|Marián Gáborík-|Marián Gáborík|1|||0|||||Washington|33001386||
|-||1|||0|||||Washington|;-
||
|-||1|||0|||||Washington|;-    
||
|Filip Kuba-|Filip Kuba|1|||0|||||Washington|26973127||
|-||1|||0|||||Washington|;-
||
|-||1|||0|||||Washington|;-    
||
|Mike Green-|Mike Green|1|||0|||||Washington|27555669||
|-||1|||0|||||Washington|;-
||
|-||1|||0|||||Washington|;-    
||
|Erik Karlsson-|Erik Karlsson|1|||0|||||Washington|30042957||
|-||1|||0|||||Washington|;-
||
|-||1|||0|||||Washington|;-    
||
|Petr Svoboda-|Petr Svoboda|1|||0|||||Washington|25855727||
|-||1|||0|||||Washington|;-
||
|-||1|||0|||||Washington|;-    
||
|Ray Bourque-|Ray Bourque|1|||0|||||Washington|32660040||
|-||1|||0|||||Washington|;-
||
|-||1|||0|||||Washington|;-    
||
|Vladimir Konstantinov-|Vladimir Konstantinov|1|||0|||||Washington|25311924||
|-||1|||0|||||Washington|;-
||
|-||1|||0|||||Washington|;-    
||
|Calle Johansson-|Calle Johansson|1|||0|||||Washington|28687203||
|-||1|||0|||||Washington|;-
||
|-||1|||0|||||Washington|;-    
||
|Ľubomír Višňovský-|Ľubomír Višňovský|1|||0|||||Washington|25837615||
|-||1|||0|||||Washington|;-
||
|-||1|||0|||||Washington|;-    
||
|Raimo Juutilainen-|Raimo Juutilainen|1|||0|||||Washington|29623540||
|-||1|||0|||||Washington|;-
||
|-||1|||0|||||Washington|;-    
||
|Demian Baláži-|Demian Baláži|1|||0|||||Washington|27048514||
|-||1|||0|||||Washington|;-
||
|-||1|||0|||||Washington|;-    
||
|Johann Ciesla-|Johann Ciesla|1|||0|||||Washington|30211463||
|-||1|||0|||||Washington|;-
||
|-||1|||0|||||Washington|;-    
||
|Maurícius Kachman-|Maurícius Kachman|1|||0|||||Washington|27012297||
|-||1|||0|||||Washington|;-
||
|-||1|||0|||||Washington|;-    
||
|Ivo Župarić-|Ivo Župarić|1|||0|||||Washington|30762276||
|-||1|||0|||||Washington|;-
||
|-||1|||0|||||Washington|;-    
||
|Dobromír Lipiansky-|Dobromír Lipiansky|1|||0|||||Washington|28529243||
|-||1|||0|||||Washington|;-
||
|-||1|||0|||||Washington|;-    
||
|Ulrich Bernas-|Ulrich Bernas|1|||0|||||Washington|32806107||
|-||1|||0|||||Washington|;-
||
|-||1|||0|||||Washington|;-    
||
|Bohumír Dadulák-|Bohumír Dadulák|1|||0|||||Washington|31162637||
|-||1|||0|||||Washington|;-
||
|-||1|||0|||||Washington|;-    
||
|Denis Ľahký-|Denis Ľahký|1|||0|||||Washington|31635320||
|-||1|||0|||||Washington|;-
||
|-||1|||0|||||Washington|;-    
||
|Jenő Virág-|Jenő Virág|1|||0|||||Washington|25547418||
|-||1|||0|||||Washington|;-
||
|-||1|||0|||||Washington|;-    
||
|Andreas Syrstad-|Andreas Syrstad|1|||0|||||Washington|25846668||
|-||1|||0|||||Washington|;-
||
|-||1|||0|||||Washington|;-    
||
|Osvald Wille-|Osvald Wille|1|||0|||||Washington|29579485||
|-||1|||0|||||Washington|;-
||
|-||1|||0|||||Washington|;-    
||
|Brian Keen-|Brian Keen|1|||0|||||Washington|26890549||
|-||1|||0|||||Washington|;-
||
|-||1|||0|||||Washington|;-    
||
|Márius Michaeli-|Márius Michaeli|1|||0|||||Washington|32401012||
|-||1|||0|||||Washington|;-
||
|-||1|||0|||||Washington|;-    
||
|Jan Prchal-|Jan Prchal|1|||0|||||Washington|27637787||
|-||1|||0|||||Washington|;-
||
|-||1|||0|||||Washington|;-    
||
|Les Barton-|Les Barton|1|||0|||||Washington|32509925||
|-||1|||0|||||Washington|;-
||
|-||1|||0|||||Washington|;-    
||
|Dale Mcgee-|Dale Mcgee|1|||0|||||Washington|30653925||
|-||1|||0|||||Washington|;-
||
|-||1|||0|||||Washington|;-    
||
|Vojko Gominšek-|Vojko Gominšek|1|||0|||||Washington|29757208||
|-||1|||0|||||Washington|;-
||
|-||1|||0|||||Washington|;-    
||
|Flavián Petrák-|Flavián Petrák|1|||0|||||Washington|29476309||
|-||1|||0|||||Washington|;-
||
|-||1|||0|||||Washington|;-    
||
|Artem Efimov-|Artem Efimov|1|||0|||||Washington|26401863||
|-||1|||0|||||Washington|;-
||
|-||1|||0|||||Washington|;-    
||
|Ján Budzák-|Ján Budzák|1|||0|||||Washington|30167939||
|-||1|||0|||||Washington|;-
||
|-||1|||0|||||Washington|;-    
||
|Petri Pölkkynen-|Petri Pölkkynen|1|||0|||||Washington|30758987||
|-||1|||0|||||Washington|;-
||
|-||1|||0|||||Washington|;-    
||
|Seppo Suoanttila-|Seppo Suoanttila|1|||0|||||Washington|27111356||
|-||1|||0|||||Washington|;-
||
|-||1|||0|||||Washington|;-    
||
|Maxime Grenier-|Maxime Grenier|1|||0|||||Washington|29533559||
|-||1|||0|||||Washington|;-
||
|-||1|||0|||||Washington|;-    
||
|Bruno Hrubý-|Bruno Hrubý|1|||0|||||Washington|27677673||
|-||1|||0|||||Washington|;-
||
|-||1|||0|||||Washington|;-    
||
|Carl Fortin-|Carl Fortin|1|||0|||||Washington|30150476||
|-||1|||0|||||Washington|;-
||
|-||1|||0|||||Washington|;-    
||
|Ernest Tyson-|Ernest Tyson|1|||0|||||Washington|31161587||
|-||1|||0|||||Washington|;-
||
|-||1|||0|||||Washington|;-    
||
|Basile Rolland-|Basile Rolland|1|||0|||||Washington|30087088||
|-||1|||0|||||Washington|;-
||
|-||1|||0|||||Washington|;-    
||
|Oliver Visser-|Oliver Visser|1|||0|||||Washington|31199328||
|-||1|||0|||||Washington|;-
||
|-||1|||0|||||Washington|;-    
||
|Johan Trompy-|Johan Trompy|1|||0|||||Washington|27554141||
|-||1|||0|||||Washington|;-
||
|-||1|||0|||||Washington|;-    
||
|Lorenzo Droll-|Lorenzo Droll|1|||0|||||Washington|32893002||
|-||1|||0|||||Washington|;-
||
|-||1|||0|||||Washington|;-    
||
|Martti Toivanen-|Martti Toivanen|1|||0|||||Washington|32512403||
|-||1|||0|||||Washington|;-
||
|-||1|||0|||||Washington|;-    
||
|Pavol Chládek-|Pavol Chládek|1|||0|||||Washington|32368178||
|-||1|||0|||||Washington|;-
||
|-||1|||0|||||Washington|;-    
||
|Matěj Hartman-|Matěj Hartman|1|||0|||||Washington|32524725||
|-||1|||0|||||Washington|;-
||
|-||1|||0|||||Washington|;-    
||
|Miroslav Prchal-|Miroslav Prchal|1|||0|||||Washington|32544569||
|-||1|||0|||||Washington|;-
||
|-||1|||0|||||Washington|;-    
||
|Ari Mäenaho-|Ari Mäenaho|1|||0|||||Washington|32234977||
|-||1|||0|||||Washington|;-
||
|-||1|||0|||||Washington|;-    
||
|Radek Hampl-|Radek Hampl|1|||0|||||Washington|32519597||
|-||1|||0|||||Washington|;-
||
|-||1|||0|||||Washington|;-    
||
|Marko Närvä-|Marko Närvä|1|||0|||||Washington|31193416||
|-||1|||0|||||Washington|;-
||
|-||1|||0|||||Washington|;-    
||
|Valērijs Garausis-|Valērijs Garausis|1|||0|||||Washington|32313283||
|-||1|||0|||||Washington|;-
||
|-||1|||0|||||Washington|;-    
||
|Juha Mäntyjoki-|Juha Mäntyjoki|1|||0|||||Washington|31632496||
|-||1|||0|||||Washington|;-
||
|-||1|||0|||||Washington|;-    
||
|Sean Moddy-|Sean Moddy|1|||0|||||Washington|32866396||
|-||1|||0|||||Washington|;-
||
|-||1|||0|||||Washington|;-    
||
|Tomáš Havelka-|Tomáš Havelka|1|||0|||||Washington|32733187||
|-||1|||0|||||Washington|;-
||
|-||1|||0|||||Washington|;-    
||
|Lubor Černoch-|Lubor Černoch|1|||0|||||Washington|32931412||
|-||1|||0|||||Washington|;-
||
|-||1|||0|||||Washington|;-    
||
|Matěj Šnajdr-|Matěj Šnajdr|1|||0|||||Washington|32969118||
|-||1|||0|||||Washington|;-
||
|-||1|||0|||||Washington|;-    
||
|Pekka Sahuri-|Pekka Sahuri|1|||0|||||Washington|32576061||
|-||1|||0|||||Washington|;-
||
|-||1|||0|||||Washington|;-    
||
|Zigmārs Eglītis-|Zigmārs Eglītis|1|||0|||||Washington|20662463||
|-||1|||0|||||Washington|;-
||
|-||1|||0|||||Washington|;-    
||
|Radoslav Škovira-|Radoslav Škovira|1|||0|||||Washington|26152217||
|-||1|||0|||||Washington|;-
||
|-||1|||0|||||Washington|;-    
||
|Dionizy Trochonowicz-|Dionizy Trochonowicz|1|||0|||||Washington|25430379||
|-||1|||0|||||Washington|;-
||
|-||1|||0|||||Washington|;-    
||
|Kalevi Rajahaltia-|Kalevi Rajahaltia|1|||0|||||Washington|20230675||
|-||1|||0|||||Washington|;-
||
|-||1|||0|||||Washington|;-    
||
|Vitolds Puķe-|Vitolds Puķe|1|||0|||||Washington|25734563||
|-||1|||0|||||Washington|;-
||
|-||1|||0|||||Washington|;-    
||
|Vitaliy Abrosimov-|Vitaliy Abrosimov|1|||0|||||Washington|20458482||
|-||1|||0|||||Washington|;-
||
|-||1|||0|||||Washington|;-    
||
|Matěj Kuneš-|Matěj Kuneš|1|||0|||||Washington|31202803||
|-||1|||0|||||Washington|;-
||
|-||1|||0|||||Washington|;-    
||
|Uwe Rohrmann-|Uwe Rohrmann|1|||0|||||Washington|25767283||
|-||1|||0|||||Washington|;-
||
|-||1|||0|||||Washington|;-    
||
|Kvído Lackovec-|Kvído Lackovec|1|||0|||||Washington|30272157||
|-||1|||0|||||Washington|;-
||
|-||1|||0|||||Washington|;-    
||
|Hugo Van der Laan-|Hugo Van der Laan|1|||0|||||Washington|30403512||
|-||1|||0|||||Washington|;-
||
|-||1|||0|||||Washington|;-    
||
|Gianni Caiccio-|Gianni Caiccio|1|||0|||||Washington|32240888||
|-||1|||0|||||Washington|;-
||
|-||1|||0|||||Washington|;-    
||
|Andrej Hrbo-|Andrej Hrbo|1|||0|||||Washington|32000022||
|-||1|||0|||||Washington|;-
||
|-||1|||0|||||Washington|;-    
||
|Wiesław Sprycha-|Wiesław Sprycha|1|||0|||||Washington|29386785||
|-||1|||0|||||Washington|;-
||
|-||1|||0|||||Washington|;-    
||
|Roman Karpeles-|Roman Karpeles|1|||0|||||Washington|28307563||
|-||1|||0|||||Washington|;-
||
|-||1|||0|||||Washington|;-    
||
|Brian Gron-|Brian Gron|1|||0|||||Washington|25712099||
|-||1|||0|||||Washington|;-
||
|-||1|||0|||||Washington|;-    
||
|Māris Brasliņš-|Māris Brasliņš|1|||0|||||Washington|29746917||
|-||1|||0|||||Washington|;-
||
|-||1|||0|||||Washington|;-    
||
|Ľubomír Hodža-|Ľubomír Hodža|1|||0|||||Washington|27666355||
|-||1|||0|||||Washington|;-
||
|-||1|||0|||||Washington|;-    
||
|Fábius Bartošík-|Fábius Bartošík|1|||0|||||Washington|28993163||
|-||1|||0|||||Washington|;-
||
|-||1|||0|||||Washington|;-    
||
|Drahan Klebán-|Drahan Klebán|1|||0|||||Washington|30387111||
|-||1|||0|||||Washington|;-
||
|-||1|||0|||||Washington|;-    
||
|Adam Gregorík-|Adam Gregorík|1|||0|||||Washington|31654878||
|-||1|||0|||||Washington|;-
||
|-||1|||0|||||Washington|;-    
||
|Klement Vlach-|Klement Vlach|1|||0|||||Washington|26725283||
|-||1|||0|||||Washington|;-
||
|-||1|||0|||||Washington|;-    
||
|Cris Borba-|Cris Borba|1|||0|||||Washington|20980363||
|-||1|||0|||||Washington|;-
||
|-||1|||0|||||Washington|;-    
||
|Gert Markert-|Gert Markert|1|||0|||||Washington|25406347||
|-||1|||0|||||Washington|;-
||
|-||1|||0|||||Washington|;-    
||
|Maks Kumar-|Maks Kumar|1|||0|||||Washington|25859533||
|-||1|||0|||||Washington|;-
||
|-||1|||0|||||Washington|;-    
||
|Reijo Åkerlund-|Reijo Åkerlund|1|||0|||||Washington|23001845||
|-||1|||0|||||Washington|;-
||
|-||1|||0|||||Washington|;-    
||
|Dalibor Brna-|Dalibor Brna|1|||0|||||Washington|26152047||
|-||1|||0|||||Washington|;-
||
|-||1|||0|||||Washington|;-    
||
|Rodrigo Kirilovs-|Rodrigo Kirilovs|1|||0|||||Washington|25868872||
|-||1|||0|||||Washington|;-
||
|-||1|||0|||||Washington|;-    
||
|Ashley Donovan-|Ashley Donovan|1|||0|||||Washington|27844487||
|-||1|||0|||||Washington|;-
||
|-||1|||0|||||Washington|;-    
||
|Andrej Bojsa-|Andrej Bojsa|1|||0|||||Washington|26508537||
|-||1|||0|||||Washington|;-
||
|-||1|||0|||||Washington|;-    
||
|Jan Hajný-|Jan Hajný|1|||0|||||Washington|21169011||
|-||1|||0|||||Washington|;-
||
|-||1|||0|||||Washington|;-    
||
|Hynek Hanzal-|Hynek Hanzal|1|||0|||||Washington|28977655||
|-||1|||0|||||Washington|;-
||
|-||1|||0|||||Washington|;-    
||
|Chris Lanagan-|Chris Lanagan|1|||0|||||Washington|27994791||
|-||1|||0|||||Washington|;-
||
|-||1|||0|||||Washington|;-    
||
|Nicolas Maret-|Nicolas Maret|1|||0|||||Washington|25746826||
|-||1|||0|||||Washington|;-
||
|-||1|||0|||||Washington|;-    
||
|Mārtiņš Vingris-|Mārtiņš Vingris|1|||0|||||Washington|28114262||
|-||1|||0|||||Washington|;-
||
|-||1|||0|||||Washington|;-    
||
|Matej Pavlíčka-|Matej Pavlíčka|1|||0|||||Washington|26502995||
|-||1|||0|||||Washington|;-
||
|-||1|||0|||||Washington|;-    
||
|Michael Honeyball-|Michael Honeyball|1|||0|||||Washington|27689402||
|-||1|||0|||||Washington|;-
||
|-||1|||0|||||Washington|;-    
||
|Marian Ban-|Marian Ban|1|||0|||||Washington|25416647||
|-||1|||0|||||Washington|;-
||
|-||1|||0|||||Washington|;-    
||
|Aleš Mička-|Aleš Mička|1|||0|||||Washington|27592623||
|-||1|||0|||||Washington|;-
||
|-||1|||0|||||Washington|;-    
||
|Valtteri Kyllästinen-|Valtteri Kyllästinen|1|||0|||||Washington|27859418||
|-||1|||0|||||Washington|;-
||
|-||1|||0|||||Washington|;-    
||
|Matej Ajster-|Matej Ajster|1|||0|||||Washington|26334293||
|-||1|||0|||||Washington|;-
||
|-||1|||0|||||Washington|;-    
||
|Toms Banovs-|Toms Banovs|1|||0|||||Washington|27096892||
|-||1|||0|||||Washington|;-
||
|-||1|||0|||||Washington|;-    
||
|Miloš Kuniš-|Miloš Kuniš|1|||0|||||Washington|27364901||
|-||1|||0|||||Washington|;-
||
|-||1|||0|||||Washington|;-    
||
|Bolemysł Marciniak-|Bolemysł Marciniak|1|||0|||||Washington|27666321||
|-||1|||0|||||Washington|;-
||
|-||1|||0|||||Washington|;-    
||
|Leo Ocker-|Leo Ocker|1|||0|||||Washington|28795400||
|-||1|||0|||||Washington|;-
||
|-||1|||0|||||Washington|;-    
||
|Kajatán Labis-|Kajatán Labis|1|||0|||||Washington|28986407||
|-||1|||0|||||Washington|;-
||
|-||1|||0|||||Washington|;-    
||
|Michal Hubač-|Michal Hubač|1|||0|||||Washington|28335362||
|-||1|||0|||||Washington|;-
||
|-||1|||0|||||Washington|;-    
||
|Vojtech Krta-|Vojtech Krta|1|||0|||||Washington|28349458||
|-||1|||0|||||Washington|;-
||
|-||1|||0|||||Washington|;-    
||
|Albrecht Schwarz-|Albrecht Schwarz|1|||0|||||Washington|28569388||
|-||1|||0|||||Washington|;-
||
|-||1|||0|||||Washington|;-    
||
|Marian Vişinescu-|Marian Vişinescu|1|||0|||||Washington|19632668||
|-||1|||0|||||Washington|;-
||
|-||1|||0|||||Washington|;-    
||
|Samu Polívka-|Samu Polívka|1|||0|||||Washington|27118142||
|-||1|||0|||||Washington|;-
||
|-||1|||0|||||Washington|;-    
||
|Samuel Dzierżak-|Samuel Dzierżak|1|||0|||||Washington|26894692||
|-||1|||0|||||Washington|;-
||
|-||1|||0|||||Washington|;-    
||
|Miloslav Červenka-|Miloslav Červenka|1|||0|||||Washington|25720925||
|-||1|||0|||||Washington|;-
||
|-||1|||0|||||Washington|;-    
||
|Jožef Prešern-|Jožef Prešern|1|||0|||||Washington|28295023||
|-||1|||0|||||Washington|;-
||
|-||1|||0|||||Washington|;-    
||
|Boris Mallmann-|Boris Mallmann|1|||0|||||Washington|28291680||
|-||1|||0|||||Washington|;-
||
|-||1|||0|||||Washington|;-    
||
|Eliáš Feješ-|Eliáš Feješ|1|||0|||||Washington|27056917||
|-||1|||0|||||Washington|;-
||
|-||1|||0|||||Washington|;-    
||
|Emil Hvíla-|Emil Hvíla|1|||0|||||Washington|31729359||
|-||1|||0|||||Washington|;-
||
|-||1|||0|||||Washington|;-    
||
|Ramon Makarewicz-|Ramon Makarewicz|1|||0|||||Washington|32117244||
|-||1|||0|||||Washington|;-
||
|-||1|||0|||||Washington|;-    
||
|Jazon Kmieć-|Jazon Kmieć|1|||0|||||Washington|32079961||
|-||1|||0|||||Washington|;-
||
|-||1|||0|||||Washington|;-    
||
|Dean Chapple-|Dean Chapple|1|||0|||||Washington|31733436||
|-||1|||0|||||Washington|;-
||
|-||1|||0|||||Washington|;-    
||
|Rastislav Lukčo-|Rastislav Lukčo|1|||0|||||Washington|28989942||
|-||1|||0|||||Washington|;-
||
|-||1|||0|||||Washington|;-    
||
|Nicola Tafi-|Nicola Tafi|1|||0|||||Washington|32092555||
|-||1|||0|||||Washington|;-
||
|-||1|||0|||||Washington|;-    
||
|Kaaro Taim-|Kaaro Taim|1|||0|||||Washington|32658480||
|-||1|||0|||||Washington|;-
||
|-||1|||0|||||Washington|;-    
||
|Angelo Georgescu-|Angelo Georgescu|1|||0|||||Washington|32082520||
|-||1|||0|||||Washington|;-
||
|-||1|||0|||||Washington|;-    
||
|Tomáš Vták-|Tomáš Vták|1|||0|||||Washington|32995444||
|-||1|||0|||||Washington|;-
||
|-||1|||0|||||Washington|;-    
||
|Riho Kostin-|Riho Kostin|1|||0|||||Washington|32863828||
|-||1|||0|||||Washington|;-
||
|-||1|||0|||||Washington|;-    
||
|Stanislav Kastelovič-|Stanislav Kastelovič|1|||0|||||Washington|32314922||
|-||1|||0|||||Washington|;-
||
|-||1|||0|||||Washington|;-    
||
|Adam Bezděk-|Adam Bezděk|1|||0|||||Washington|32229357||
|-||1|||0|||||Washington|;-
||
|-||1|||0|||||Washington|;-    
||
|Dobromír Molnár-|Dobromír Molnár|1|||0|||||Washington|32112940||
|-||1|||0|||||Washington|;-
||
|-||1|||0|||||Washington|;-    
||
|Kaspars Jods-|Kaspars Jods|1|||0|||||Washington|32073974||
|-||1|||0|||||Washington|;-
||
|-||1|||0|||||Washington|;-    
||
|Patrik Janáček-|Patrik Janáček|1|||0|||||Washington|31756677||
|-||1|||0|||||Washington|;-
||
|-||1|||0|||||Washington|;-    
||
|Konrád Vöröss-|Konrád Vöröss|1|||0|||||Washington|27197195||
|-||1|||0|||||Washington|;-
||
|-||1|||0|||||Washington|;-    
||
|Aidan Cooey-|Aidan Cooey|1|||0|||||Washington|29853925||
|-||1|||0|||||Washington|;-
||
|-||1|||0|||||Washington|;-    
||
|Miloš Zelinka-|Miloš Zelinka|1|||0|||||Washington|28294620||
|-||1|||0|||||Washington|;-
||
|-||1|||0|||||Washington|;-    
||
|Viktors Pakalniņš-|Viktors Pakalniņš|1|||0|||||Washington|24315630||
|-||1|||0|||||Washington|;-
||
|-||1|||0|||||Washington|;-    
||
|Uffe Knudsen-|Uffe Knudsen|1|||0|||||Washington|21157239||
|-||1|||0|||||Washington|;-
||
|-||1|||0|||||Washington|;-    
||
|Demid Hanov-|Demid Hanov|1|||0|||||Washington|25548503||
|-||1|||0|||||Washington|;-
||
|-||1|||0|||||Washington|;-    
||
|Alexander Hriseňko-|Alexander Hriseňko|1|||0|||||Washington|29528440||
|-||1|||0|||||Washington|;-
||
|-||1|||0|||||Washington|;-    
||
|Boleslav Kroupa-|Boleslav Kroupa|1|||0|||||Washington|29561066||
|-||1|||0|||||Washington|;-
||
|-||1|||0|||||Washington|;-    
||
|Grigoriy Krasnozobov-|Grigoriy Krasnozobov|1|||0|||||Washington|30281849||
|-||1|||0|||||Washington|;-
||
|-||1|||0|||||Washington|;-    
||
|Ladislav Golian-|Ladislav Golian|1|||0|||||Washington|32538415||
|-||1|||0|||||Washington|;-
||
|-||1|||0|||||Washington|;-    
||
|Timofey Konko-|Timofey Konko|1|||0|||||Washington|22268702||
|-||1|||0|||||Washington|;-
||
|-||1|||0|||||Washington|;-    
||
|Leontiy Dyachkov-|Leontiy Dyachkov|1|||0|||||Washington|25588114||
|-||1|||0|||||Washington|;-
||
|-||1|||0|||||Washington|;-    
||
|René Punt-|René Punt|1|||0|||||Washington|24552899||
|-||1|||0|||||Washington|;-
||
|-||1|||0|||||Washington|;-    
||
|Igor Ľupták-|Igor Ľupták|1|||0|||||Washington|28793069||
|-||1|||0|||||Washington|;-
||
|-||1|||0|||||Washington|;-    
||
|Bohumír Pavlišák-|Bohumír Pavlišák|1|||0|||||Washington|29324115||
|-||1|||0|||||Washington|;-
||
|-||1|||0|||||Washington|;-    
||
|Jan Vojáček-|Jan Vojáček|1|||0|||||Washington|28689397||
|-||1|||0|||||Washington|;-
||
|-||1|||0|||||Washington|;-    
||
|Radim Žoldák-|Radim Žoldák|1|||0|||||Washington|27043264||
|-||1|||0|||||Washington|;-
||
|-||1|||0|||||Washington|;-    
||
|Jan Martínek-|Jan Martínek|1|||0|||||Washington|28689398||
|-||1|||0|||||Washington|;-
||
|-||1|||0|||||Washington|;-    
||
|Josef Prchal-|Josef Prchal|1|||0|||||Washington|32880911||
|-||1|||0|||||Washington|;-
||
|-||1|||0|||||Washington|;-    
||
|Seppo Iivarinen-|Seppo Iivarinen|1|||0|||||Washington|26071277||
|-||1|||0|||||Washington|;-
||
|-||1|||0|||||Washington|;-    
||
|Alexej Odehnal-|Alexej Odehnal|1|||0|||||Washington|32731910||
|-||1|||0|||||Washington|;-
||
|-||1|||0|||||Washington|;-    
||
|Matěj Koukal-|Matěj Koukal|1|||0|||||Washington|33052789||
|-||1|||0|||||Washington|;-
||
|-||1|||0|||||Washington|;-    
||
|Adam Čihák-|Adam Čihák|1|||0|||||Washington|32276541||
|-||1|||0|||||Washington|;-
||
|-||1|||0|||||Washington|;-    
||
|Matěj Ondráček-|Matěj Ondráček|1|||0|||||Washington|27756968||
|-||1|||0|||||Washington|;-
||
|-||1|||0|||||Washington|;-    
||
|Jakub Cimrman-|Jakub Cimrman|1|||0|||||Washington|27544520||
|-||1|||0|||||Washington|;-
||
|-||1|||0|||||Washington|;-    
||
|Martin Březina-|Martin Březina|1|||0|||||Washington|31352043||
|-||1|||0|||||Washington|;-
||
|-||1|||0|||||Washington|;-    
||
|Jarosław Osada-|Jarosław Osada|1|||0|||||Washington|29621177||
|-||1|||0|||||Washington|;-
||
|-||1|||0|||||Washington|;-    
||
|Tomáš Varga-|Tomáš Varga|1|||0|||||Washington|28406571||
|-||1|||0|||||Washington|;-
||
|-||1|||0|||||Washington|;-    
||
|David Odehnal-|David Odehnal|1|||0|||||Washington|27526698||
|-||1|||0|||||Washington|;-
||
|-||1|||0|||||Washington|;-    
||
|Klement Coufal-|Klement Coufal|1|||0|||||Washington|29216529||
|-||1|||0|||||Washington|;-
||
|-||1|||0|||||Washington|;-    
||
|Kvído Sýkora-|Kvído Sýkora|1|||0|||||Washington|32068125||
|-||1|||0|||||Washington|;-
||
|-||1|||0|||||Washington|;-    
||
|Julien-Leonard Strotkötter-|Julien-Leonard Strotkötter|1|||0|||||Washington|31181635||
|-||1|||0|||||Washington|;-
||
|-||1|||0|||||Washington|;-    
||
|Zoltán Marcinko-|Zoltán Marcinko|1|||0|||||Washington|31181084||
|-||1|||0|||||Washington|;-
||
|-||1|||0|||||Washington|;-    
||
|Štefan Pindeš-|Štefan Pindeš|1|||0|||||Washington|31187481||
|-||1|||0|||||Washington|;-
||
|-||1|||0|||||Washington|;-    
||
|Oscar Mauricio Obregón-|Oscar Mauricio Obregón|1|||0|||||Washington|31639136||
|-||1|||0|||||Washington|;-
||
|-||1|||0|||||Washington|;-    
||
|Andrejs Kvēps-|Andrejs Kvēps|1|||0|||||Washington|31163415||
|-||1|||0|||||Washington|;-
||
|-||1|||0|||||Washington|;-    
||
|Volodyslav Merzlikin-|Volodyslav Merzlikin|1|||0|||||Washington|31736350||
|-||1|||0|||||Washington|;-
||
|-||1|||0|||||Washington|;-    
||
|Gai Shapiro-|Gai Shapiro|1|||0|||||Washington|32490350||
|-||1|||0|||||Washington|;-
||
|-||1|||0|||||Washington|;-    
||
|Oto Košický-|Oto Košický|1|||0|||||Washington|31159753||
|-||1|||0|||||Washington|;-
||
|-||1|||0|||||Washington|;-    
||
|Denis Mahendrarajah-|Denis Mahendrarajah|1|||0|||||Washington|31254048||
|-||1|||0|||||Washington|;-
||
|-||1|||0|||||Washington|;-    
||
|Víctor Escuza-|Víctor Escuza|1|||0|||||Washington|32103574||
|-||1|||0|||||Washington|;-
||
|-||1|||0|||||Washington|;-    
||
|Dexter Huselius-|Dexter Huselius|1|||0|||||Washington|32093668||
|-||1|||0|||||Washington|;-
||
|-||1|||0|||||Washington|;-    
||
|Vladimír Beneš-|Vladimír Beneš|1|||0|||||Washington|32155516||
|-||1|||0|||||Washington|;-
||
|-||1|||0|||||Washington|;-    
||
|Valērijs Buškevics-|Valērijs Buškevics|1|||0|||||Washington|31753515||
|-||1|||0|||||Washington|;-
||
|-||1|||0|||||Washington|;-    
||
|Jonathan Behringer-|Jonathan Behringer|1|||0|||||Washington|31198689||
|-||1|||0|||||Washington|;-
||
|-||1|||0|||||Washington|;-    
||
|Yrjö Tölli-|Yrjö Tölli|1|||0|||||Washington|28723379||
|-||1|||0|||||Washington|;-
||
|-||1|||0|||||Washington|;-    
||
|Eerikki Kohtala-|Eerikki Kohtala|1|||0|||||Washington|28682026||
|-||1|||0|||||Washington|;-
||
|-||1|||0|||||Washington|;-    
||
|Dobrotín Hrabko-|Dobrotín Hrabko|1|||0|||||Washington|26689178||
|-||1|||0|||||Washington|;-
||
|-||1|||0|||||Washington|;-    
||
|Tamás Vámbéry-|Tamás Vámbéry|1|||0|||||Washington|28689461||
|-||1|||0|||||Washington|;-
||
|-||1|||0|||||Washington|;-    
||
|Holger Pawlowski-|Holger Pawlowski|1|||0|||||Washington|27111996||
|-||1|||0|||||Washington|;-
||
|-||1|||0|||||Washington|;-    
||
|Martin Marhuľa-|Martin Marhuľa|1|||0|||||Washington|32228061||
|-||1|||0|||||Washington|;-
||
|-||1|||0|||||Washington|;-    
||
|Engelbert Kohler-|Engelbert Kohler|1|||0|||||Washington|25915352||
|-||1|||0|||||Washington|;-
||
|-||1|||0|||||Washington|;-    
||
|Bjorn Kroken-|Bjorn Kroken|1|||0|||||Washington|26520978||
|-||1|||0|||||Washington|;-
||
|-||1|||0|||||Washington|;-    
||
|Richard Labuda-|Richard Labuda|1|||0|||||Washington|30600736||
|-||1|||0|||||Washington|;-
||
|-||1|||0|||||Washington|;-    
||
|Daniel Mosnár-|Daniel Mosnár|1|||0|||||Washington|30745464||
|-||1|||0|||||Washington|;-
||
|-||1|||0|||||Washington|;-    
||
|Zalán Slosszár-|Zalán Slosszár|1|||0|||||Washington|31529030||
|-||1|||0|||||Washington|;-
||
|-||1|||0|||||Washington|;-    
||
|Daniel Bazylak-|Daniel Bazylak|1|||0|||||Washington|32863359||
|-||1|||0|||||Washington|;-
||
|-||1|||0|||||Washington|;-    
||
|Christophe Schaeren-|Christophe Schaeren|1|||0|||||Washington|27366629||
|-||1|||0|||||Washington|;-
||
|-||1|||0|||||Washington|;-    
||
|Joshua Lowitsch-|Joshua Lowitsch|1|||0|||||Washington|28009643||
|-||1|||0|||||Washington|;-
||
|-||1|||0|||||Washington|;-    
||
|Jonatán Kachman-|Jonatán Kachman|1|||0|||||Washington|27842866||
|-||1|||0|||||Washington|;-
||
|-||1|||0|||||Washington|;-    
||
|Gogu Păunescu-|Gogu Păunescu|1|||0|||||Washington|28116440||
|-||1|||0|||||Washington|;-
||
|-||1|||0|||||Washington|;-    
||
|Silvián Brinarský-|Silvián Brinarský|1|||0|||||Washington|28422615||
|-||1|||0|||||Washington|;-
||
|-||1|||0|||||Washington|;-    
||
|Dorinel Fătu-|Dorinel Fătu|1|||0|||||Washington|23067328||
|-||1|||0|||||Washington|;-
||
|-||1|||0|||||Washington|;-    
||
|Martin Líbal-|Martin Líbal|1|||0|||||Washington|32093098||
|-||1|||0|||||Washington|;-
||
|-||1|||0|||||Washington|;-    
||
|Ľudovít Kožiak-|Ľudovít Kožiak|1|||0|||||Washington|32426136||
|-||1|||0|||||Washington|;-
||
|-||1|||0|||||Washington|;-    
||
|Abramo Talledo-|Abramo Talledo|1|||0|||||Washington|30932117||
|-||1|||0|||||Washington|;-
||
|-||1|||0|||||Washington|;-    
||
|Ed Quintanilla-|Ed Quintanilla|1|||0|||||Washington|31032656||
|-||1|||0|||||Washington|;-
||
|-||1|||0|||||Washington|;-    
||
|Oliver Forsgren-|Oliver Forsgren|1|||0|||||Washington|29576243||
|-||1|||0|||||Washington|;-
||
|-||1|||0|||||Washington|;-    
||
|Arpád Šmajda-|Arpád Šmajda|1|||0|||||Washington|27985536||
|-||1|||0|||||Washington|;-
||
|-||1|||0|||||Washington|;-    
||
|Māris Brasliņš-|Māris Brasliņš|1|||0|||||Washington|29354074||
|-||1|||0|||||Washington|;-
||
|-||1|||0|||||Washington|;-    
||
|Jonáš Machala-|Jonáš Machala|1|||0|||||Washington|28415639||
|-||1|||0|||||Washington|;-
||
|-||1|||0|||||Washington|;-    
||
|Ján Vrbovič-|Ján Vrbovič|1|||0|||||Washington|23074651||
|-||1|||0|||||Washington|;-
||
|-||1|||0|||||Washington|;-    
||
|Dmitriy Palashov-|Dmitriy Palashov|1|||0|||||Washington|28824387||
|-||1|||0|||||Washington|;-
||
|-||1|||0|||||Washington|;-    
||
|Liavon  Galushka-|Liavon  Galushka|1|||0|||||Washington|28497197||
|-||1|||0|||||Washington|;-
||
|-||1|||0|||||Washington|;-    
||
|Fedor Kulazhenkov-|Fedor Kulazhenkov|1|||0|||||Washington|30698822||
|-||1|||0|||||Washington|;-
||
|-||1|||0|||||Washington|;-    
||
|Leonīds Dreilings-|Leonīds Dreilings|1|||0|||||Washington|29540772||
|-||1|||0|||||Washington|;-
||
|-||1|||0|||||Washington|;-    
||
|Pavol Demitra-|Pavol Demitra|1|||0|||||Washington|26971576||
|-||1|||0|||||Washington|;-
||
|-||1|||0|||||Washington|;-    
||
|Radomír Drabb-|Radomír Drabb|1|||0|||||Washington|27758662||
|-||1|||0|||||Washington|;-
||
|-||1|||0|||||Washington|;-    
||
|Severín Cabánek-|Severín Cabánek|1|||0|||||Washington|29008252||
|-||1|||0|||||Washington|;-
||
|-||1|||0|||||Washington|;-    
||
|Adrien Schärer-|Adrien Schärer|1|||0|||||Washington|29411034||
|-||1|||0|||||Washington|;-
||
|-||1|||0|||||Washington|;-    
||
|Bahit Alimbekov-|Bahit Alimbekov|1|||0|||||Washington|30059109||
|-||1|||0|||||Washington|;-
||
|-||1|||0|||||Washington|;-    
||
|Lukáš Pech-|Lukáš Pech|1|||0|||||Washington|29541374||
|-||1|||0|||||Washington|;-
||
|-||1|||0|||||Washington|;-    
||
|Keerdo Glebov-|Keerdo Glebov|1|||0|||||Washington|29536048||
|-||1|||0|||||Washington|;-
||
|-||1|||0|||||Washington|;-    
||
|Leoš Líbal-|Leoš Líbal|1|||0|||||Washington|29532029||
|-||1|||0|||||Washington|;-
||
|-||1|||0|||||Washington|;-    
||
|Pāvels Puškaitis-|Pāvels Puškaitis|1|||0|||||Washington|29025053||
|-||1|||0|||||Washington|;-
||
|-||1|||0|||||Washington|;-    
||
|Mikael Mäyrä-|Mikael Mäyrä|1|||0|||||Washington|23028986||
|-||1|||0|||||Washington|;-
||
|-||1|||0|||||Washington|;-    
||
|Jiří Nováček-|Jiří Nováček|1|||0|||||Washington|24650962||
|-||1|||0|||||Washington|;-
||
|-||1|||0|||||Washington|;-    
||
|Francisco Jurado-|Francisco Jurado|1|||0|||||Washington|29626091||
|-||1|||0|||||Washington|;-
||
|-||1|||0|||||Washington|;-    
||
|Norman Kaščák-|Norman Kaščák|1|||0|||||Washington|26389298||
|-||1|||0|||||Washington|;-
||
|-||1|||0|||||Washington|;-    
||
|Osmo Sund-|Osmo Sund|1|||0|||||Washington|29106225||
|-||1|||0|||||Washington|;-
||
|-||1|||0|||||Washington|;-    
||
|Ľuboš Fial-|Ľuboš Fial|1|||0|||||Washington|28991902||
|-||1|||0|||||Washington|;-
||
|-||1|||0|||||Washington|;-    
||
|Adam Hupcej-|Adam Hupcej|1|||0|||||Washington|29520607||
|-||1|||0|||||Washington|;-
||
|-||1|||0|||||Washington|;-    
||
|Anton Haluška-|Anton Haluška|1|||0|||||Washington|29051133||
|-||1|||0|||||Washington|;-
||
|-||1|||0|||||Washington|;-    
||
|Mathieu Laporte-|Mathieu Laporte|1|||0|||||Washington|24533986||
|-||1|||0|||||Washington|;-
||
|-||1|||0|||||Washington|;-    
||
|Dale Dupuy-|Dale Dupuy|1|||0|||||Washington|28999953||
|-||1|||0|||||Washington|;-
||
|-||1|||0|||||Washington|;-    
||
|Petr Kouba-|Petr Kouba|1|||0|||||Washington|31644731||
|-||1|||0|||||Washington|;-
||
|-||1|||0|||||Washington|;-    
||
|Jaromír Keblovský-|Jaromír Keblovský|1|||0|||||Washington|32525197||
|-||1|||0|||||Washington|;-
||
|-||1|||0|||||Washington|;-    
||
|Petr Bauer-|Petr Bauer|1|||0|||||Washington|32532402||
|-||1|||0|||||Washington|;-
||
|-||1|||0|||||Washington|;-    
||
|Timmy Näslund-|Timmy Näslund|1|||0|||||Washington|32807921||
|-||1|||0|||||Washington|;-
||
|-||1|||0|||||Washington|;-    
||
|Jan Pánek-|Jan Pánek|1|||0|||||Washington|33121783||
|-||1|||0|||||Washington|;-
||
|-||1|||0|||||Washington|;-    
||
|Patric Froidevaux-|Patric Froidevaux|1|||0|||||Washington|32069475||
|-||1|||0|||||Washington|;-
||
|-||1|||0|||||Washington|;-    
||
|Matěj Černoch-|Matěj Černoch|1|||0|||||Washington|31636737||
|-||1|||0|||||Washington|;-
||
|-||1|||0|||||Washington|;-    
||
|Daniel Černík-|Daniel Černík|1|||0|||||Washington|31176695||
|-||1|||0|||||Washington|;-
||
|-||1|||0|||||Washington|;-    
||
|Matěj Kotrba-|Matěj Kotrba|1|||0|||||Washington|32733017||
|-||1|||0|||||Washington|;-
||
|-||1|||0|||||Washington|;-    
||
|Milan Hanzlík-|Milan Hanzlík|1|||0|||||Washington|32579956||
|-||1|||0|||||Washington|;-
||
|-||1|||0|||||Washington|;-    
||
|Karel Vobořil-|Karel Vobořil|1|||0|||||Washington|32111245||
|-||1|||0|||||Washington|;-
||
|-||1|||0|||||Washington|;-    
||
|Jan Mencl-|Jan Mencl|1|||0|||||Washington|32312575||
|-||1|||0|||||Washington|;-
||
|-||1|||0|||||Washington|;-    
||
|Jakub Moravec-|Jakub Moravec|1|||0|||||Washington|32660309||
|-||1|||0|||||Washington|;-
||
|-||1|||0|||||Washington|;-    
||
|Lukáš Hýbl-|Lukáš Hýbl|1|||0|||||Washington|32663447||
|-||1|||0|||||Washington|;-
||
|-||1|||0|||||Washington|;-    
||
|Roland Hrdý-|Roland Hrdý|1|||0|||||Washington|32508635||
|-||1|||0|||||Washington|;-
||
|-||1|||0|||||Washington|;-    
||
|Robert Novák-|Robert Novák|1|||0|||||Washington|31254868||
|-||1|||0|||||Washington|;-100/84
||
|-||1|||0|||||Washington|;-
||
|-||1|||0|||||Washington|;-
||
|-||1|||0|||||Washington|;-    
||
|Patrik Motyčka-|Patrik Motyčka|1|||0|||||Washington|31201291||
|-||1|||0|||||Washington|;-100/70
||
|-||1|||0|||||Washington|;-
||
|-||1|||0|||||Washington|;-
||
|-||1|||0|||||Washington|;-    
||
|Ivo Pavārds-|Ivo Pavārds|1|||0|||||Washington|32068015||
|-||1|||0|||||Washington|;-100/66
||
|-||1|||0|||||Washington|;-
||
|-||1|||0|||||Washington|;-
||
|-||1|||0|||||Washington|;-    
||
|Hanbibi Bazarov-|Hanbibi Bazarov|1|||0|||||Washington|32376503||
|-||1|||0|||||Washington|;-100/74
||
|-||1|||0|||||Washington|;-
||
|-||1|||0|||||Washington|;-
||
|-||1|||0|||||Washington|;-    
||
|Gintars Vietlavs-|Gintars Vietlavs|1|||0|||||Washington|31184314||
|-||1|||0|||||Washington|;-100/82
||
|-||1|||0|||||Washington|;-
||
|-||1|||0|||||Washington|;-
||
|-||1|||0|||||Washington|;-    
||
|Emil Matejovič-|Emil Matejovič|1|||0|||||Washington|32230670||
|-||1|||0|||||Washington|;-100/80
||
|-||1|||0|||||Washington|;-
||
|-||1|||0|||||Washington|;-
||
|-||1|||0|||||Washington|;-    
||
|Petr Stekhin-|Petr Stekhin|1|||0|||||Washington|32549431||
|-||1|||0|||||Washington|;-100/88
||
|-||1|||0|||||Washington|;-
||
|-||1|||0|||||Washington|;-
||
|-||1|||0|||||Washington|;-    
||
|Cätälin Ionescu-|Cätälin Ionescu|1|||0|||||Washington|31201242||
|-||1|||0|||||Washington|;-100/88
||
|-||1|||0|||||Washington|;-
||
|-||1|||0|||||Washington|;-
||
|-||1|||0|||||Washington|;-    
||
|Alan Lančarič-|Alan Lančarič|1|||0|||||Washington|32965232||
|-||1|||0|||||Washington|;-100/82
||
|-||1|||0|||||Washington|;-
||
|-||1|||0|||||Washington|;-
||
|-||1|||0|||||Washington|;-    
||
|Georg-Friedrich Cordes-|Georg-Friedrich Cordes|1|||0|||||Washington|30631380||
|-||1|||0|||||Washington|;-100/83
||
|-||1|||0|||||Washington|;-
||
|-||1|||0|||||Washington|;-
||
|-||1|||0|||||Washington|;-    
||
|Richard Bača-|Richard Bača|1|||0|||||Washington|32744803||
|-||1|||0|||||Washington|;-100/74
||
|-||1|||0|||||Washington|;-
||
|-||1|||0|||||Washington|;-
||
|-||1|||0|||||Washington|;-    
||
|Dániel Erdei-|Dániel Erdei|1|||0|||||Washington|30751576||
|-||1|||0|||||Washington|;-100/80
||
|-||1|||0|||||Washington|;-
||
|-||1|||0|||||Washington|;-
||
|-||1|||0|||||Washington|;-    
||
|Vyacheslav Voytekhovskiy-|Vyacheslav Voytekhovskiy|1|||0|||||Washington|31305775||
|-||1|||0|||||Washington|;-100/79
||
|-||1|||0|||||Washington|;-
||
|-||1|||0|||||Washington|;-
||
|-||1|||0|||||Washington|;-    
||
|Jori Sjöström-|Jori Sjöström|1|||0|||||Washington|31313384||
|-||1|||0|||||Washington|;-100/91
||
|-||1|||0|||||Washington|;-
||
|-||1|||0|||||Washington|;-
||
|-||1|||0|||||Washington|;-    
||
|John Ferstad-|John Ferstad|1|||0|||||Washington|31162201||
|-||1|||0|||||Washington|;-100/91
||
|-||1|||0|||||Washington|;-
||
|-||1|||0|||||Washington|;-
||
|-||1|||0|||||Washington|;-    
||
|Miloš Kolotovič-|Miloš Kolotovič|1|||0|||||Washington|32978228||
|-||1|||0|||||Washington|;-
||
|-||1|||0|||||Washington|;-    
||
|Artur Giatsintov-|Artur Giatsintov|1|||0|||||Washington|32866949||
|-||1|||0|||||Washington|;-
||
|-||1|||0|||||Washington|;-    
||
|Ľubomír Brázda-|Ľubomír Brázda|1|||0|||||Washington|32995783||
|-||1|||0|||||Washington|;-
||
|-||1|||0|||||Washington|;-    
||
|Ēriks Pliekšāns-|Ēriks Pliekšāns|1|||0|||||Washington|31787514||
|-||1|||0|||||Washington|;-
||
|-||1|||0|||||Washington|;-    
||
|Lucas Uglebjerg-|Lucas Uglebjerg|1|||0|||||Washington|31164339||
|-||1|||0|||||Washington|;-
||
|-||1|||0|||||Washington|;-    
||
|Hugo Zacher-|Hugo Zacher|1|||0|||||Washington|32861999||
|-||1|||0|||||Washington|;-
||
|-||1|||0|||||Washington|;-    
||
|Krasomil Rybár-|Krasomil Rybár|1|||0|||||Washington|32549583||
|-||1|||0|||||Washington|;-
||
|-||1|||0|||||Washington|;-    
||
|Silvio Ottenburg-|Silvio Ottenburg|1|||0|||||Washington|32580448||
|-||1|||0|||||Washington|;-
||
|-||1|||0|||||Washington|;-    
||
|Lőrinc Sön-|Lőrinc Sön|1|||0|||||Washington|32892127||
|-||1|||0|||||Washington|;-
||
|-||1|||0|||||Washington|;-    
||
|Laurent Husson-|Laurent Husson|1|||0|||||Washington|33002297||
|-||1|||0|||||Washington|;-
||
|-||1|||0|||||Washington|;-    
||
|Gennadiy Rogushin-|Gennadiy Rogushin|1|||0|||||Washington|32515854||
|-||1|||0|||||Washington|;-
||
|-||1|||0|||||Washington|;-    
||
|Marián Tušan-|Marián Tušan|1|||0|||||Washington|32997580||
|-||1|||0|||||Washington|;-
||
|-||1|||0|||||Washington|;-    
||
|Ján Kladiv-|Ján Kladiv|1|||0|||||Washington|32066437||
|-||1|||0|||||Washington|;-
||
|-||1|||0|||||Washington|;-    
||
|Ondřej Jiránek-|Ondřej Jiránek|1|||0|||||Washington|33013820||
|-||1|||0|||||Washington|;-
||
|-||1|||0|||||Washington|;-    
||
|Elmar Brn-|Elmar Brn|1|||0|||||Washington|32312847||
|-||1|||0|||||Washington|;-
||
|-||1|||0|||||Washington|;-    
||
|Pieter Falque-|Pieter Falque|1|||0|||||Washington|28327697||
|-||1|||0|||||Washington|;-
||
|-||1|||0|||||Washington|;-    
||
|Peter Žilka-|Peter Žilka|1|||0|||||Washington|31838449||
|-||1|||0|||||Washington|;-
||
|-||1|||0|||||Washington|;-    
||
|Ildar Laverko-|Ildar Laverko|1|||0|||||Washington|32315553||
|-||1|||0|||||Washington|;-
||
|-||1|||0|||||Washington|;-    
||
|Štefan Lukács-|Štefan Lukács|1|||0|||||Washington|31644058||
|-||1|||0|||||Washington|;-
||
|-||1|||0|||||Washington|;-    
||
|Adam Opát-|Adam Opát|1|||0|||||Washington|32997259||
|-||1|||0|||||Washington|;-
||
|-||1|||0|||||Washington|;-    
||
|Ambróz Funcík-|Ambróz Funcík|1|||0|||||Washington|32576814||
|-||1|||0|||||Washington|;-
||
|-||1|||0|||||Washington|;-    
||
|Šimon Kříž-|Šimon Kříž|1|||0|||||Washington|32930769||
|-||1|||0|||||Washington|;-
||
|-||1|||0|||||Washington|;-    
||
|Vidoje Arandjelović-|Vidoje Arandjelović|1|||0|||||Washington|32532269||
|-||1|||0|||||Washington|;-
||
|-||1|||0|||||Washington|;-    
||
|Witomir Bacior-|Witomir Bacior|1|||0|||||Washington|32916462||
|-||1|||0|||||Washington|;-
||
|-||1|||0|||||Washington|;-    
||
|Stanislav Košický-|Stanislav Košický|1|||0|||||Washington|32507413||
|-||1|||0|||||Washington|;-
||
|-||1|||0|||||Washington|;-    
||
|Jozef Palaščák-|Jozef Palaščák|1|||0|||||Washington|32576800||
|-||1|||0|||||Washington|;-
||
|-||1|||0|||||Washington|;-    
||
|Gregor Kuhlmey-|Gregor Kuhlmey|1|||0|||||Washington|32517621||
|-||1|||0|||||Washington|;-
||
|-||1|||0|||||Washington|;-    
||
|Juha Tuomivaara-|Juha Tuomivaara|1|||0|||||Washington|32545303||
|-||1|||0|||||Washington|;-
||
|-||1|||0|||||Washington|;-    
||
|Samuel Kalinay-|Samuel Kalinay|1|||0|||||Washington|32731737||
|-||1|||0|||||Washington|;-
||
|-||1|||0|||||Washington|;-    
||
|Jurģis Jass-|Jurģis Jass|1|||0|||||Washington|32887725||
|-||1|||0|||||Washington|;-
||
|-||1|||0|||||Washington|;-    
||
|Lasse Kaseva-|Lasse Kaseva|1|||0|||||Washington|28497895||
|-||1|||0|||||Washington|;-
||
|-||1|||0|||||Washington|;-    
||
|Seppo Niemitalo-|Seppo Niemitalo|1|||0|||||Washington|28504142||
|-||1|||0|||||Washington|;-
||
|-||1|||0|||||Washington|;-    
||
|Aarno Nokkila-|Aarno Nokkila|1|||0|||||Washington|30219694||
|-||1|||0|||||Washington|;-
||
|-||1|||0|||||Washington|;-    
||
|Ismo Myllyaho-|Ismo Myllyaho|1|||0|||||Washington|31670272||
|-||1|||0|||||Washington|;-
||
|-||1|||0|||||Washington|;-    
||
|Marcel Anděl-|Marcel Anděl|1|||0|||||Washington|28415101||
|-||1|||0|||||Washington|;-
||
|-||1|||0|||||Washington|;-    
||
|Viliam Paštiak-|Viliam Paštiak|1|||0|||||Washington|25318199||
|-||1|||0|||||Washington|;-
||
|-||1|||0|||||Washington|;-    
||
|Anselmi Oivamäki-|Anselmi Oivamäki|1|||0|||||Washington|32125572||
|-||1|||0|||||Washington|;-
||
|-||1|||0|||||Washington|;-    
||
|Lukáš Panulin-|Lukáš Panulin|1|||0|||||Washington|31637901||
|-||1|||0|||||Washington|;-
||
|-||1|||0|||||Washington|;-    
||
|Valdis Mīlberts-|Valdis Mīlberts|1|||0|||||Washington|32541427||
|-||1|||0|||||Washington|;-
||
|-||1|||0|||||Washington|;-    
||
|Jouko Vaarala-|Jouko Vaarala|1|||0|||||Washington|27377653||
|-||1|||0|||||Washington|;-
||
|-||1|||0|||||Washington|;-    
||
|Aku Turkia-|Aku Turkia|1|||0|||||Washington|29547602||
|-||1|||0|||||Washington|;-
||
|-||1|||0|||||Washington|;-    
||
|René Němec-|René Němec|1|||0|||||Washington|31197240||
|-||1|||0|||||Washington|;-
||
|-||1|||0|||||Washington|;-    
||
|Onni Hakkarainen-|Onni Hakkarainen|1|||0|||||Washington|32507181||
|-||1|||0|||||Washington|;-
||
|-||1|||0|||||Washington|;-    
||
|Lasse Tynkkinen-|Lasse Tynkkinen|1|||0|||||Washington|29526190||
|-||1|||0|||||Washington|;-
||
|-||1|||0|||||Washington|;-    
||
|Tatu Kosonen-|Tatu Kosonen|1|||0|||||Washington|29526225||
|-||1|||0|||||Washington|;-
||
|-||1|||0|||||Washington|;-    
||
|Sami Heloma-|Sami Heloma|1|||0|||||Washington|27790293||
|-||1|||0|||||Washington|;-
||
|-||1|||0|||||Washington|;-    
||
|Hermanis Delveris-|Hermanis Delveris|1|||0|||||Washington|29104821||
|-||1|||0|||||Washington|;-
||
|-||1|||0|||||Washington|;-    
||
|Boris Grygar-|Boris Grygar|1|||0|||||Washington|28993480||
|-||1|||0|||||Washington|;-
||
|-||1|||0|||||Washington|;-    
||
|Aurel Monko-|Aurel Monko|1|||0|||||Washington|27372492||
|-||1|||0|||||Washington|;-
||
|-||1|||0|||||Washington|;-    
||
|Mikael Lähde-|Mikael Lähde|1|||0|||||Washington|32276930||
|-||1|||0|||||Washington|;-
||
|-||1|||0|||||Washington|;-    
||
|Tomáš Vávra-|Tomáš Vávra|1|||0|||||Washington|27565561||
|-||1|||0|||||Washington|;-
||
|-||1|||0|||||Washington|;-    
||
|Koloman Ruka-|Koloman Ruka|1|||0|||||Washington|32516692||
|-||1|||0|||||Washington|;-
||
|-||1|||0|||||Washington|;-    
||
|Gorazd Hutník-|Gorazd Hutník|1|||0|||||Washington|30067010||
|-||1|||0|||||Washington|;-
||
|-||1|||0|||||Washington|;-    
||
|Srećko Župančić-|Srećko Župančić|1|||0|||||Washington|31270595||
|-||1|||0|||||Washington|;-
||
|-||1|||0|||||Washington|;-    
||
|Jérémy Doucet-|Jérémy Doucet|1|||0|||||Washington|29112524||
|-||1|||0|||||Washington|;-
||
|-||1|||0|||||Washington|;-    
||
|Jozef Burda-|Jozef Burda|1|||0|||||Washington|24615901||
|-||1|||0|||||Washington|;-
||
|-||1|||0|||||Washington|;-    
||
|Petr Doubek-|Petr Doubek|1|||0|||||Washington|29343307||
|-||1|||0|||||Washington|;-
||
|-||1|||0|||||Washington|;-    
||
|Mindaugas Tulaba-|Mindaugas Tulaba|1|||0|||||Washington|28709847||
|-||1|||0|||||Washington|;-
||
|-||1|||0|||||Washington|;-    
||
|Eemeli Airikka-|Eemeli Airikka|1|||0|||||Washington|26337226||
|-||1|||0|||||Washington|;-
||
|-||1|||0|||||Washington|;-    
||
|Francesco Baldacci-|Francesco Baldacci|1|||0|||||Washington|31262198||
|-||1|||0|||||Washington|;-
||
|-||1|||0|||||Washington|;-    
||
|Paul Damage-|Paul Damage|1|||0|||||Washington|32609808||
|-||1|||0|||||Washington|;-
||
|-||1|||0|||||Washington|;-    
||
|Jody Sturridge-|Jody Sturridge|1|||0|||||Washington|26492444||
|-||1|||0|||||Washington|;-
||
|-||1|||0|||||Washington|;-    
||
|William Light-|William Light|1|||0|||||Washington|21965838||
|-||1|||0|||||Washington|;-
||
|-||1|||0|||||Washington|;-    
||
|Mario Bourque-|Mario Bourque|1|||0|||||Washington|28310242||
|-||1|||0|||||Washington|;-
||
|-||1|||0|||||Washington|;-    
||
|Guy Pallister-|Guy Pallister|1|||0|||||Washington|29814343||
|-||1|||0|||||Washington|;-
||
|-||1|||0|||||Washington|;-    
||
|Gordan Harabín-|Gordan Harabín|1|||0|||||Washington|30053602||
|-||1|||0|||||Washington|;-
||
|-||1|||0|||||Washington|;-    
||
|Eric Engelaar-|Eric Engelaar|1|||0|||||Washington|25761405||
|-||1|||0|||||Washington|;-
||
|-||1|||0|||||Washington|;-    
||
|Lorenzo Benton-|Lorenzo Benton|1|||0|||||Washington|25848331||
|-||1|||0|||||Washington|;-
||
|-||1|||0|||||Washington|;-    
||
|Joachim Fogada-|Joachim Fogada|1|||0|||||Washington|30173745||
|-||1|||0|||||Washington|;-
||
|-||1|||0|||||Washington|;-    
||
|Geoff Sherwood-|Geoff Sherwood|1|||0|||||Washington|33011575||
|-||1|||0|||||Washington|;-
||
|-||1|||0|||||Washington|;-    
||
|Sebastiano Di Paolo-|Sebastiano Di Paolo|1|||0|||||Washington|31799816||
|-||1|||0|||||Washington|;-
||
|-||1|||0|||||Washington|;-    
||
|Teddy Hudson-|Teddy Hudson|1|||0|||||Washington|32683328||
|-||1|||0|||||Washington|;-
||
|-||1|||0|||||Washington|;-    
||
|Jáchym Bobál-|Jáchym Bobál|1|||0|||||Washington|23015298||
|-||1|||0|||||Washington|;-
||
|-||1|||0|||||Washington|;-    
||
|Valiantsin  Nishyk-|Valiantsin  Nishyk|1|||0|||||Washington|27847458||
|-||1|||0|||||Washington|;-
||
|-||1|||0|||||Washington|;-    
||
|Loïc Schalch-|Loïc Schalch|1|||0|||||Washington|29558109||
|-||1|||0|||||Washington|;-
||
|-||1|||0|||||Washington|;-    
||
|Frank Agnew-|Frank Agnew|1|||0|||||Washington|30798410||
|-||1|||0|||||Washington|;-
||
|-||1|||0|||||Washington|;-    
||
|Kari Toikka-|Kari Toikka|1|||0|||||Washington|25741724||
|-||1|||0|||||Washington|;-
||
|-||1|||0|||||Washington|;-    
||
|Mark Ouellet-|Mark Ouellet|1|||0|||||Washington|31736908||
|-||1|||0|||||Washington|;-
||
|-||1|||0|||||Washington|;-    
||
|Andrey Ulanov-|Andrey Ulanov|1|||0|||||Washington|24764803||
|-||1|||0|||||Washington|;-
||
|-||1|||0|||||Washington|;-    
||
|Lukas Nodari-|Lukas Nodari|1|||0|||||Washington|27772782||
|-||1|||0|||||Washington|;-
||
|-||1|||0|||||Washington|;-    
||
|Miroslav Hudeček-|Miroslav Hudeček|1|||0|||||Washington|30067708||
|-||1|||0|||||Washington|;-
||
|-||1|||0|||||Washington|;-    
||
|Čestmír Eliaš-|Čestmír Eliaš|1|||0|||||Washington|28006598||
|-||1|||0|||||Washington|;-
||
|-||1|||0|||||Washington|;-    
||
|Reihnard Hüttner-|Reihnard Hüttner|1|||0|||||Washington|27543989||
|-||1|||0|||||Washington|;-
||
|-||1|||0|||||Washington|;-    
||
|Karsten Heinze-|Karsten Heinze|1|||0|||||Washington|27666428||
|-||1|||0|||||Washington|;-
||
|-||1|||0|||||Washington|;-    
||
|Džiugas Valasevičius-|Džiugas Valasevičius|1|||0|||||Washington|29144440||
|-||1|||0|||||Washington|;-
||
|-||1|||0|||||Washington|;-    
||
|Marek Bednar-|Marek Bednar|1|||0|||||Washington|27726744||
|-||1|||0|||||Washington|;-
||
|-||1|||0|||||Washington|;-    
||
|Lukáš Rada-|Lukáš Rada|1|||0|||||Washington|29329377||
|-||1|||0|||||Washington|;-
||
|-||1|||0|||||Washington|;-    
||
|Alex Fečka-|Alex Fečka|1|||0|||||Washington|24524169||
|-||1|||0|||||Washington|;-
||
|-||1|||0|||||Washington|;-    
||
|Nikolay Arepyev-|Nikolay Arepyev|1|||0|||||Washington|27579222||
|-||1|||0|||||Washington|;-
||
|-||1|||0|||||Washington|;-    
||
|Ivan Presnyakov-|Ivan Presnyakov|1|||0|||||Washington|27993158||
|-||1|||0|||||Washington|;-
||
|-||1|||0|||||Washington|;-    
||
|Jaakko Titoff-|Jaakko Titoff|1|||0|||||Washington|22330148||
|-||1|||0|||||Washington|;-
||
|-||1|||0|||||Washington|;-    
||
|Albrecht Willburger-|Albrecht Willburger|1|||0|||||Washington|26054065||
|-||1|||0|||||Washington|;-
||
|-||1|||0|||||Washington|;-    
||
|Vincent Kocian-|Vincent Kocian|1|||0|||||Washington|26160966||
|-||1|||0|||||Washington|;-
||
|-||1|||0|||||Washington|;-    
||
|Leif Ramsvik-|Leif Ramsvik|1|||0|||||Washington|25892550||
|-||1|||0|||||Washington|;-
||
|-||1|||0|||||Washington|;-    
||
|Gustáv Mandula-|Gustáv Mandula|1|||0|||||Washington|26074212||
|-||1|||0|||||Washington|;-
||
|-||1|||0|||||Washington|;-    
||
|Marek Bednár-|Marek Bednár|1|||0|||||Washington|29742603||
|-||1|||0|||||Washington|;-
||
|-||1|||0|||||Washington|;-    
||
|Marián Papp-|Marián Papp|1|||0|||||Washington|27545914||
|-||1|||0|||||Washington|;-
||
|-||1|||0|||||Washington|;-    
||
|Abrahám Mojžiš-|Abrahám Mojžiš|1|||0|||||Washington|28430908||
|-||1|||0|||||Washington|;-
||
|-||1|||0|||||Washington|;-    
||
|Matej Murár-|Matej Murár|1|||0|||||Washington|29567618||
|-||1|||0|||||Washington|;-
||
|-||1|||0|||||Washington|;-    
||
|Ján Kučera-|Ján Kučera|1|||0|||||Washington|26340100||
|-||1|||0|||||Washington|;-
||
|-||1|||0|||||Washington|;-    
||
|Vojtech Dranáč-|Vojtech Dranáč|1|||0|||||Washington|30726737||
|-||1|||0|||||Washington|;-
||
|-||1|||0|||||Washington|;-    
||
|Anton Jendek-|Anton Jendek|1|||0|||||Washington|33016394||
|-||1|||0|||||Washington|;-
||
|-||1|||0|||||Washington|;-    
||
|Stanislav Suchánek-|Stanislav Suchánek|1|||0|||||Washington|28994700||
|-||1|||0|||||Washington|;-
||
|-||1|||0|||||Washington|;-    
||
|Peter Klbečko-|Peter Klbečko|1|||0|||||Washington|32875543||
|-||1|||0|||||Washington|;-
||
|-||1|||0|||||Washington|;-    
||
|Norbert Boďo-|Norbert Boďo|1|||0|||||Washington|31356038||
|-||1|||0|||||Washington|;-
||
|-||1|||0|||||Washington|;-    
||
|Alex Buršák-|Alex Buršák|1|||0|||||Washington|29918145||
|-||1|||0|||||Washington|;-
||
|-||1|||0|||||Washington|;-    
||
|Dávid Fabián-|Dávid Fabián|1|||0|||||Washington|30726790||
|-||1|||0|||||Washington|;-
||
|-||1|||0|||||Washington|;-    
||
|Anton Svitek-|Anton Svitek|1|||0|||||Washington|27545925||
|-||1|||0|||||Washington|;-
||
|-||1|||0|||||Washington|;-    
||
|Matej Bozáň-|Matej Bozáň|1|||0|||||Washington|28430906||
|-||1|||0|||||Washington|;-
||
|-||1|||0|||||Washington|;-    
||
|Vojmár Penjak-|Vojmár Penjak|1|||0|||||Washington|29567710||
|-||1|||0|||||Washington|;-
||
|-||1|||0|||||Washington|;-    
||
|Romeo Hybeľ-|Romeo Hybeľ|1|||0|||||Washington|29227801||
|-||1|||0|||||Washington|;-
||
|-||1|||0|||||Washington|;-    
||
|Félix Holúbek-|Félix Holúbek|1|||0|||||Washington|30319553||
|-||1|||0|||||Washington|;-
||
|-||1|||0|||||Washington|;-    
||
|Michal Zoborský-|Michal Zoborský|1|||0|||||Washington|30494656||
|-||1|||0|||||Washington|;-
||
|-||1|||0|||||Washington|;-    
||
|Peter Krlič-|Peter Krlič|1|||0|||||Washington|31739292||
|-||1|||0|||||Washington|;-
||
|-||1|||0|||||Washington|;-    
||
|Klementín Paulíny-|Klementín Paulíny|1|||0|||||Washington|31680166||

